{
  "version": 6,

"configurePresets": [
{
  "name": "default",
  "binaryDir": "${sourceDir}/build",
  "cacheVariables": {
    "BUILD_SINGLE": false,
    "BUILD_DOUBLE": true,
    "BUILD_COMPLEX": false,
    "BUILD_COMPLEX16": false,
    "CMAKE_BUILD_TYPE": "Release"
  }
}
],
"buildPresets": [
  {
    "name": "default",
    "configurePreset": "default"
  }
],
"testPresets": [
{
  "name": "default",
  "configurePreset": "default",
  "output": {
    "outputOnFailure": true,
    "verbosity": "verbose"
  },
  "execution": {
    "noTestsAction": "error",
    "scheduleRandom": true,
    "stopOnFailure": false,
    "timeout": 60
  }
}
],
"workflowPresets": [
  {
    "name": "default",
    "steps": [
      {
        "type": "configure",
        "name": "default"
      },
      {
        "type": "build",
        "name": "default"
      },
      {
        "type": "test",
        "name": "default"
      }
    ]
  }
]
}
