{
    "@context": "https://doi.org/10.5063/schema/codemeta-2.0",
    "@type": "SoftwareSourceCode",
    "license": "https://spdx.org/licenses/CECILL-C.html",
    "codeRepository": "https://github.com/scivision/mumps",
    "contIntegration": "https://github.com/scivision/mumps/actions",
    "downloadUrl": "https://github.com/scivision/mumps/releases",
    "issueTracker": "https://github.com/scivision/mumps/issues",
    "name": "MUMPS",
    "identifier": "10.1145/3242094",
    "description": "MUltifrontal Massively Parallel sparse direct Solver",
    "applicationCategory": "linear algebra",
    "developmentStatus": "active",
    "keywords": [
        "sparse direct solver"
    ],
    "programmingLanguage": [
        "Fortran",
        "C"
    ]
}
